Section,Title,Location,Testimonials,Price 
 "See our top 3D Modeling Experts","Zee Agency","Paris, France","5,000" 
 "See our top 3D Modeling Experts","Sayduck","Helsinki, Finland","100" 
 "See our top 3D Modeling Experts","CGTrader","Vilnius, Lithuania","100" 
 "See our top 3D Modeling Experts","Sketchfab","New York , United States","250" 
 "See our top Setup Experts","iCodeBreakers","Mohali, India","500" 
 "See our top Setup Experts","Code Vibez","chandigarh, India","19" 
 "See our top Setup Experts","Jeronone Technologies","Mohali, India","500" 
 "See our top Setup Experts","optimum","chandigarh, India","500" 
 "See our top Setup Experts","Cyrus Webtech","Mohali, India","100" 
 "See our top Setup Experts","Suffescom Solutions Pvt. Ltd.","Mohali, India","500" 
 "See our top Setup Experts","WebMan Technologies","mohali, India","500" 
 "See our top Setup Experts","IT. TechZilla","Chandigarh, India","200" 
 "See our top Setup Experts","RoyalzExpertDev","Ludhiana, India","500" 
 "See our top Setup Experts","CueBlocks Technologies","Chandigarh, India","450" 
 "See our top Setup Experts","Rocket Ecommerce","Mohali, India","500" 
 "See our top Setup Experts","SM web designers","Shimla, India","99" 
 "See our top Designers","Jeronone Technologies","Mohali, India","500" 
 "See our top Designers","Rocket Ecommerce","Mohali, India","500" 
 "See our top Designers","Alchemative (SMC-PVT) LTD","Lahore, Pakistan","500" 
 "See our top Developers","Jeronone Technologies","Mohali, India","500" 
 "See our top Developers","Rocket Ecommerce","Mohali, India","500" 
 "See our top Developers","Alchemative (SMC-PVT) LTD","Lahore, Pakistan","500" 
 "See our top Developers","Lucent Innovation","Gandhi Nagar, India","1,500" 
 "See our top Developers","InfoShore Technology Solutions LLP","Jaipur, India","200" 
 "See our top Developers","Metizsoft Solutions Pvt Ltd","Ahmedabad, India","1,000" 
 "See our top Marketers","MakkPress Technologies","New Delhi, India","500" 
 "See our top Marketers","eShop Genius","Lucknow, India","500" 
 "See our top Marketers","Metizsoft Solutions Pvt Ltd","Ahmedabad, India","1,000" 
 "See our top Marketers","Binary - Shopify Experts","Mumbai, India","1,000" 
 "See our top Marketers","Budget Builders","Lucknow, India","200" 
 "See our top Marketers","Simprosys InfoMedia","Ahmedabad, India","800" 
 "See our top Marketers","WEBDESK SOLUTION","Toronto, Canada","500" 
 "See our top Marketers","JadeCommercecenter.com","Chaingmai, Thailand","500" 
 "See our top Marketers","Gurl Studio - Shopjedi","Penang, Malaysia","500" 
 "See our top Marketers","JiuTu","Jiangxi, China","10,000" 
 "See our top Marketers","Ludovic Mariault","Paris, France","600" 
 "See our top Marketers","Blue Horizons","Cheltenham, United Kingdom","1,000" 
 "See our top Photographers","Prime Seller Hub","New Delhi, India","250" 
 "See our top Photographers","Gurl Studio - Shopjedi","Penang, Malaysia","500" 
 "See our top Photographers","Blue Horizons","Cheltenham, United Kingdom","1,000" 
 "See our top Photographers","beeclever","Koblenz, Germany","3,500" 
 "See our top Photographers","Flagship LLC","Meguro-ku, Japan","40,000" 
 "See our top Photographers","NoirLuxe","London, United Kingdom","380" 
 "See our top Photographers","Arctic Grey, Ltd.","New York, United States","97" 
 "See our top Photographers","By Association Only","Cambridgeshire, United Kingdom","20,000" 
 "See our top Photographers","Rialto Partners","Albuquerque, United States","500" 
 "See our top Photographers","WebLifeJapan","Minato-ku, Japan","2,000" 
 "See our top Photographers","Panagora","Stockholm, Sweden","25,000" 
 "See our top Photographers","by JN","Nottingham, United Kingdom","1,250" 
